vin,back_legroom,body_type,city,daysonmarket,dealer_zip,engine_cylinders,engine_displacement,engine_type,exterior_color,fleet,frame_damaged,franchise_dealer,franchise_make,front_legroom,fuel_tank_volume,fuel_type,has_accidents,height,highway_fuel_economy,horsepower,interior_color,isCab,is_certified,is_cpo,is_new,is_oemcpo,latitude,length,listed_date,listing_color,listing_id,longitude,main_picture_url,major_options,make_name,maximum_seating,mileage,model_name,owner_count,power,price,salvage,savings_amount,seller_rating,sp_id,sp_name,theft_title,torque,transmission,transmission_display,trimId,trim_name,vehicle_damage_category,wheel_system,wheel_system_display,wheelbase,width,year
SALZJ2FX0LH081763,33.8 in,SUV / Crossover,San Juan,179,922,I4,2000,I4,Narvik Black, , ,TRUE,Land Rover,40 in,17.7 gal,Gasoline, ,64.9 in, ,246,Black (Ebony), , , ,TRUE, ,18.4439,172.1 in,3/14/2020,BLACK,268609420,-66.0785,https://static.cargurus.com/images/forsale/2020/05/18/18/53/2020_land_rover_range_rover_evoque-pic-4840738600105688260-152x114.jpeg,['Convenience Package'],Land Rover,5 seats,22,Range Rover Evoque, ,"246 hp @ 5,500 RPM",51885, ,0,3,389227,Land Rover San Juan, ,"269 lb-ft @ 1,400 RPM",A,9-Speed Automatic Overdrive,t85529,P250 S AWD, ,AWD,All-Wheel Drive,105.6 in,82.7 in,2020
SALCP2FX8LH854709,38.1 in,SUV / Crossover,San Juan,230,922,I4,2000,I4,Santorini Black, , ,TRUE,Land Rover,39.1 in,17.7 gal,Gasoline, ,68 in, ,246,Black (Ebony), , , ,TRUE, ,18.4439,181 in,1/23/2020,BLACK,263868330,-66.0785,https://static.cargurus.com/images/forsale/2020/05/18/18/53/2020_land_rover_discovery_sport-pic-1059067303743162028-152x114.jpeg,"['Navigation System', 'Adaptive Cruise Control']",Land Rover,7 seats,8,Discovery Sport, ,"246 hp @ 5,500 RPM",53770, ,0,3,389227,Land Rover San Juan, ,"269 lb-ft @ 1,400 RPM",A,9-Speed Automatic Overdrive,t86761,SE AWD, ,AWD,All-Wheel Drive,107.9 in,85.6 in,2020
WDDSJ4GB2HN495908,27.1 in,Sedan,Bronx,34,10466,I4,2000,I4,White,FALSE,FALSE,TRUE,Jeep,40.2 in,14.8 gal,Gasoline,TRUE,56.6 in, ,208,Black,FALSE, , ,FALSE, ,40.8847,182.3 in,8/6/2020,WHITE,278527409,-73.8317,https://static.cargurus.com/images/forsale/2020/08/24/18/14/2017_mercedes-benz_cla-class-pic-6624767092706951625-152x114.jpeg,"['Leather Seats', 'Sunroof/Moonroof', 'Alloy Wheels', 'Bluetooth', 'Backup Camera', 'Heated Seats']",Mercedes-Benz,5 seats,17935,CLA-Class,1,"208 hp @ 5,500 RPM",23000,FALSE,1307,2.8,62178,Eastchester Chrysler Jeep Dodge Ram,FALSE,"258 lb-ft @ 1,250 RPM",A,7-Speed Automatic,t68378,CLA 250 4MATIC, ,AWD,All-Wheel Drive,106.3 in,80 in,2017
1C4NJDEB3GD550171,39.4 in,SUV / Crossover,Bay Shore,24,11706,I4,2400,I4,Bright White Clearcoat,FALSE,FALSE,TRUE,Chevrolet,40.6 in,13.5 gal,Gasoline,FALSE,65 in,26,172,Dark Slate Gray,FALSE, , ,FALSE, ,40.7333,175.1 in,8/16/2020,WHITE,279531620,-73.2587,https://static.cargurus.com/images/forsale/2020/08/28/12/21/2016_jeep_compass-pic-8778228317077736845-152x114.jpeg,"['Leather Seats', 'Sunroof/Moonroof', 'Power Package', 'Adaptive Cruise Control', 'Bluetooth', 'Premium Wheels', 'Backup Camera', 'Remote Start', 'Off Road Package', 'Heated Seats', 'Quick Order Package']",Jeep,5 seats,53743,Compass,2,"172 hp @ 6,000 RPM",13959,FALSE,1338,3.447761194,314501,Atlantic Chevrolet Cadillac,FALSE,"165 lb-ft @ 4,400 RPM",A,6-Speed Automatic,t58902,High Altitude Edition 4WD, ,4WD,Four-Wheel Drive,103.7 in,71.4 in,2016
3MZBPAEM8KM105274,35.1 in,Sedan,Bayamon,447,960,I4,2500,I4,Soul Red Crystal, , ,TRUE,Jeep,42.3 in,13.2 gal,Gasoline, ,56.9 in, ,186,Black, , , ,TRUE, ,18.3988,183.5 in,6/20/2019,RED,244110441,-66.1582,https://static.cargurus.com/images/forsale/2019/03/09/17/19/2019_mazda_mazda3-pic-5405522620808938421-152x114.jpeg,"['Leather Seats', 'Sunroof/Moonroof', 'Adaptive Cruise Control', 'Alloy Wheels', 'Bluetooth', 'Backup Camera']",Mazda,5 seats,19,MAZDA3, ,"186 hp @ 6,000 RPM",32195, ,0,2.8,370599,Flagship Chrysler, ,"186 lb-ft @ 4,000 RPM",A,6-Speed Automatic Overdrive,t85264,Premium Sedan FWD, ,FWD,Front-Wheel Drive,107.3 in,70.7 in,2019
SALCJ2FX9LH835698,38.1 in,SUV / Crossover,San Juan,334,922,I4,2000,I4,Blanco,FALSE,FALSE,TRUE,Land Rover,39.1 in,17.7 gal,Gasoline,FALSE,68 in, ,246,Black (Ebony),FALSE, , ,FALSE, ,18.4439,181 in,10/11/2019,WHITE,254868751,-66.0785,https://static.cargurus.com/images/forsale/2020/05/18/22/57/2020_land_rover_discovery_sport-pic-481170799346495334-152x114.jpeg,"['Leather Seats', 'Navigation System', 'Alloy Wheels', 'Bluetooth', 'Backup Camera', 'Remote Start']",Land Rover,7 seats, ,Discovery Sport, ,"246 hp @ 5,500 RPM",59499,FALSE,0,3,389227,Land Rover San Juan,FALSE,"269 lb-ft @ 1,400 RPM",A,9-Speed Automatic Overdrive,t86759,S AWD, ,AWD,All-Wheel Drive,107.9 in,85.6 in,2020
3G1BF6SM9HS532435,36.1 in,Hatchback,Bay Shore,27,11706,I4,1400,I4,Pepperdust Metallic,FALSE,FALSE,TRUE,Chevrolet,42 in,13.7 gal,Gasoline,FALSE,57.7 in,37,153,Jet Black,FALSE, ,TRUE,FALSE,TRUE,40.7333,175.3 in,8/13/2020,UNKNOWN,279129188,-73.2587,https://static.cargurus.com/images/forsale/2020/08/15/23/06/2017_chevrolet_cruze-pic-6799630882698755551-152x114.jpeg,"['Leather Seats', 'Sunroof/Moonroof', 'Power Package', 'Driver Confidence Package', 'Navigation System', 'Adaptive Cruise Control', 'RS Package', 'Preferred Package', 'Technology Package', 'Premium Wheels', 'Blind Spot Monitoring', 'Parking Sensors', 'Heat Package', 'Heated Seats', 'Android Auto', 'CarPlay', 'SE Package', 'Appearance Package', 'Security Package', 'Audio Package', 'Bluetooth', 'Backup Camera', 'Remote Start', 'Convenience Package']",Chevrolet,5 seats,38097,Cruze,1,"153 hp @ 5,600 RPM",14824,FALSE,1846,3.447761194,314501,Atlantic Chevrolet Cadillac,FALSE, ,A,6-Speed Automatic,t68159,Premier Hatchback FWD, ,FWD,Front-Wheel Drive,106.3 in,70.5 in,2017
1GNKRGKD8HJ199237,36.8 in,SUV / Crossover,Bay Shore,18,11706,V6,3600,V6,Tungsten Metallic,FALSE,FALSE,TRUE,Chevrolet,41.3 in,22 gal,Gasoline,FALSE,69.9 in,22,281,Black (Ebony),FALSE, ,TRUE,FALSE,TRUE,40.7333,203.7 in,8/22/2020,GRAY,280096673,-73.2587,https://static.cargurus.com/images/forsale/2020/09/05/00/51/2017_chevrolet_traverse-pic-33725445009669387-152x114.jpeg,"['Power Package', 'Navigation System', 'Preferred Package', 'Technology Package', 'Third Row Seating', 'Premium Wheels', 'Trailer Package', 'Heat Package', 'Parking Sensors', 'Heated Seats', 'Tow Package', 'Acoustical Package', 'LT Package', 'Bluetooth', 'Backup Camera', 'Remote Start', 'Cargo Package', 'Convenience Package']",Chevrolet,8 seats,59216,Traverse,1,"281 hp @ 6,300 RPM",19629,FALSE,1634,3.447761194,314501,Atlantic Chevrolet Cadillac,FALSE,"266 lb-ft @ 3,400 RPM",A,6-Speed Automatic,t67377,1LT FWD, ,FWD,Front-Wheel Drive,118.9 in,78.5 in,2017
3MZBPAEMXKM109763,35.1 in,Sedan,Bayamon,438,960,I4,2500,I4,MACHINE GRAY, , ,TRUE,Jeep,42.3 in,13.2 gal,Gasoline, ,56.9 in, ,186,Black, , , ,TRUE, ,18.3988,183.5 in,6/29/2019,GRAY,244955514,-66.1582,https://static.cargurus.com/images/forsale/2019/03/09/17/19/2019_mazda_mazda3-pic-2527906968295894598-152x114.jpeg,"['Leather Seats', 'Sunroof/Moonroof', 'Adaptive Cruise Control', 'Alloy Wheels', 'Bluetooth', 'Backup Camera']",Mazda,5 seats,15,MAZDA3, ,"186 hp @ 6,000 RPM",32195, ,0,2.8,370599,Flagship Chrysler, ,"186 lb-ft @ 4,000 RPM",A,6-Speed Automatic Overdrive,t85264,Premium Sedan FWD, ,FWD,Front-Wheel Drive,107.3 in,70.7 in,2019
SALWR2RY1LA745996,37 in,SUV / Crossover,San Juan,5,922,I4,2000,I4,Byron Blue, , ,TRUE,Land Rover,39.5 in,24.1 gal,Gasoline, ,71 in, ,398,Blue (Ebony/Ebony/Ebony/Ebony), , , ,TRUE, ,18.4439,192.1 in,9/4/2020,BLUE,281290573,-66.0785,https://static.cargurus.com/images/forsale/2020/09/04/01/43/2020_land_rover_range_rover_sport-pic-1709272211117432666-152x114.jpeg,"['Adaptive Cruise Control', 'Backup Camera', 'Blind Spot Monitoring', 'Parking Sensors', 'Multi Zone Climate Control']",Land Rover,5 seats,11,Range Rover Sport, ,"398 hp @ 5,500 RPM",93985, ,0,3,389227,Land Rover San Juan, ,"472 lb-ft @ 1,500 RPM",A,8-Speed Automatic Overdrive,t86692,Hybrid Plug-in HSE 4WD, ,AWD,All-Wheel Drive,115.1 in,87.4 in,2020
WVGSV7AXXHK031394,35.8 in,SUV / Crossover,Bronx,20,10466,I4,2000,I4,White,FALSE,FALSE,TRUE,Jeep,40.1 in,16.9 gal,Gasoline,TRUE,67.1 in,23,200,Black,FALSE, , ,FALSE, ,40.8847,174.5 in,8/20/2020,WHITE,279804873,-73.8317,https://static.cargurus.com/images/forsale/2020/08/25/05/36/2017_volkswagen_tiguan-pic-6770267932901679957-152x114.jpeg,"['Leather Seats', 'Sunroof/Moonroof', 'Alloy Wheels', 'Bluetooth', 'Backup Camera', 'Heated Seats']",Volkswagen,5 seats,30883,Tiguan,1,"200 hp @ 5,100 RPM",17500,FALSE,519,2.8,62178,Eastchester Chrysler Jeep Dodge Ram,FALSE,"207 lb-ft @ 1,700 RPM",A,6-Speed Automatic,t69074,Wolfsburg 4Motion AWD, ,AWD,All-Wheel Drive,102.5 in,71.2 in,2017
1GYFZCR48KF111719,39.5 in,SUV / Crossover,Bay Shore,35,11706,I4,2000,I4,Radiant Silver Metallic,FALSE,FALSE,TRUE,Cadillac,40.4 in,15.9 gal,Gasoline,FALSE,64.1 in,30,237,Jet Black,FALSE, , ,FALSE, ,40.7333,181.1 in,8/5/2020,SILVER,278451690,-73.2587,https://static.cargurus.com/images/forsale/2020/08/20/12/32/2019_cadillac_xt4-pic-7919022175633005065-152x114.jpeg,"['Leather Seats', 'Sunroof/Moonroof', 'Power Package', 'Navigation System', 'Adaptive Cruise Control', 'Preferred Package', 'Technology Package', 'Premium Wheels', 'Blind Spot Monitoring', 'Parking Sensors', 'Heat Package', 'Premium Package', 'Heated Seats', 'Tow Package', 'Android Auto', 'Cold Weather Package', 'CarPlay', 'Luxury Package', 'Multi Zone Climate Control', 'Bluetooth', 'Backup Camera', 'Remote Start', 'Comfort Package', 'Convenience Package']",Cadillac,5 seats,4478,XT4,1,"237 hp @ 5,000 RPM",32439,FALSE,4823,3.447761194,314501,Atlantic Chevrolet Cadillac,FALSE,"258 lb-ft @ 1,500 RPM",A,9-Speed Automatic,t78739,Premium Luxury FWD, ,FWD,Front-Wheel Drive,109.4 in,83.5 in,2019
SALGS2RU1LA574558,39.3 in,SUV / Crossover,San Juan,348,922,I6,3000,I6,Santorini Black, , ,TRUE,Land Rover,39.1 in,27.6 gal,Gasoline, ,73.6 in, ,395,Black (Ebony/Ebony/Ebony/Ebony), , , ,TRUE, ,18.4439,196.9 in,9/27/2019,BLACK,253477541,-66.0785,https://static.cargurus.com/images/forsale/2020/05/18/20/55/2020_land_rover_range_rover_hybrid-pic-5491443183237139669-152x114.jpeg,"['Adaptive Cruise Control', 'Blind Spot Monitoring']",Land Rover,5 seats,104,Range Rover Hybrid, ,"395 hp @ 5,500 RPM",101737, ,0,3,389227,Land Rover San Juan, ,"406 lb-ft @ 2,000 RPM",A,8-Speed Automatic Overdrive,t87537,HSE AWD, ,AWD,All-Wheel Drive,115 in,87.4 in,2020
JM1GL1XY7J1328891,38.7 in,Sedan,Bayamon,473,960,I4,2500,I4,CRYSTAL BLUE, , ,TRUE,Jeep,42.2 in,16.4 gal,Gasoline, ,57.1 in, ,250,None, , , ,TRUE, ,18.3988,191.5 in,5/25/2019,BLUE,241789837,-66.1582,https://static.cargurus.com/images/forsale/2018/03/30/18/52/2018_mazda_mazda6-pic-5028871785197811177-152x114.jpeg,"['Leather Seats', 'Sunroof/Moonroof', 'Navigation System', 'Adaptive Cruise Control', 'Alloy Wheels', 'Bluetooth', 'Backup Camera']",Mazda,5 seats,10,MAZDA6, ,"250 hp @ 5,000 RPM",37140, ,0,2.8,370599,Flagship Chrysler, ,"310 lb-ft @ 2,000 RPM",A,6-Speed Automatic Overdrive,t78505,Signature Sedan FWD, ,FWD,Front-Wheel Drive,111.4 in,72.4 in,2018
3C4NJDBB5KT599511,38.3 in,SUV / Crossover,Bronx,13,10466,I4,2400,I4,granite crystal metallic clearcoat,FALSE,FALSE,TRUE,Jeep,41.8 in,13.5 gal,Gasoline,FALSE,64.8 in,30,180,Black,FALSE, ,TRUE,FALSE,TRUE,40.8847,173 in,8/27/2020,GRAY,280468177,-73.8317,https://static.cargurus.com/images/forsale/2020/09/01/20/05/2019_jeep_compass-pic-356628306960571809-152x114.jpeg,"['Leather Seats', 'Sunroof/Moonroof', 'Alloy Wheels', 'Bluetooth', 'Backup Camera', 'Heated Seats', 'Quick Order Package']",Jeep,5 seats,18015,Compass,1,"180 hp @ 6,400 RPM",21300,FALSE,1785,2.8,62178,Eastchester Chrysler Jeep Dodge Ram,FALSE,"175 lb-ft @ 3,900 RPM",A,9-Speed Automatic,t82990,Latitude 4WD, ,4WD,Four-Wheel Drive,103.8 in,80 in,2019
1G1BF5SM0H7110191,36.1 in,Sedan,Bay Shore,88,11706,I4,1400,I4,Mosaic Black Metallic,FALSE,FALSE,TRUE,Chevrolet,42 in,13.7 gal,Gasoline,FALSE,57.4 in,39,153,Jet Black,FALSE, ,TRUE,FALSE,TRUE,40.7333,183.7 in,6/13/2020,BLACK,274048186,-73.2587,https://static.cargurus.com/images/forsale/2020/08/20/13/58/2017_chevrolet_cruze-pic-8615294311556325349-152x114.jpeg,"['Sport Package', 'Leather Seats', 'Sunroof/Moonroof', 'Driver Confidence Package', 'Power Package', 'Navigation System', 'RS Package', 'Preferred Package', 'Technology Package', 'Premium Wheels', 'Blind Spot Monitoring', 'Heat Package', 'Parking Sensors', 'Heated Seats', 'Android Auto', 'CarPlay', 'SE Package', 'Security Package', 'Audio Package', 'Bluetooth', 'Backup Camera', 'Remote Start', 'Convenience Package']",Chevrolet,5 seats,32585,Cruze,1,"153 hp @ 5,600 RPM",15439,FALSE,1831,3.447761194,314501,Atlantic Chevrolet Cadillac,FALSE, ,A,6-Speed Automatic,t67588,Premier Sedan FWD, ,FWD,Front-Wheel Drive,106.3 in,70.5 in,2017
1C4RJFLG3HC613479,38.6 in,SUV / Crossover,Bronx,14,10466,V6,3000,V6,Bright White Clearcoat,FALSE,FALSE,TRUE,Jeep,40.3 in,24.6 gal,Gasoline,FALSE,69.3 in,25,241,Ruby Red/Black,FALSE, ,TRUE,FALSE,TRUE,40.8847,189.8 in,8/26/2020,WHITE,280311994,-73.8317,https://static.cargurus.com/images/forsale/2020/09/04/23/59/2017_jeep_grand_cherokee-pic-3817677155615014031-152x114.jpeg,"['Leather Seats', 'Sunroof/Moonroof', 'Navigation System', 'Alloy Wheels', 'Bluetooth', 'Backup Camera', 'Remote Start', 'Parking Sensors', 'Heated Seats', 'Quick Order Package']",Jeep,5 seats,24274,Grand Cherokee,1,"360 hp @ 5,150 RPM",29800,FALSE,3661,2.8,62178,Eastchester Chrysler Jeep Dodge Ram,FALSE,"390 lb-ft @ 4,250 RPM",A,8-Speed Automatic,t68774,Trailhawk 4WD, ,4WD,Four-Wheel Drive,114.8 in,84.8 in,2017
5UXKR0C54E0H15863,36.6 in,SUV / Crossover,Woodbury,18,11797,I6,3000,I6,Sparkling Brown Metallic,FALSE,FALSE,FALSE, ,40.4 in,22.5 gal,Gasoline,FALSE,69.9 in,27,300,Ivory White,FALSE, , ,FALSE, ,40.8168,191.1 in,8/22/2020,BROWN,280044648,-73.4643, ,"['Sunroof/Moonroof', 'Navigation System', 'Alloy Wheels', 'Bluetooth', 'Parking Sensors', 'Heated Seats']",BMW,5 seats,62256,X5, ,"300 hp @ 5,800 RPM",21495,FALSE,2484,2.963636364,432605,Dream Car Gallery,FALSE,"295 lb-ft @ 1,300 RPM",A,Automatic,t53278,xDrive35i AWD, ,AWD,All-Wheel Drive,115.5 in,86.5 in,2014
2GNALCEK4H1530857,39.9 in,SUV / Crossover,Bay Shore,20,11706,I4,2400,I4,Summit White,FALSE,FALSE,TRUE,Chevrolet,41.2 in,18.8 gal,Gasoline,FALSE,69.3 in, ,182,Jet Black,FALSE, ,TRUE,FALSE,TRUE,40.7333,187.8 in,8/20/2020,WHITE,279863010,-73.2587,https://static.cargurus.com/images/forsale/2020/08/29/19/31/2017_chevrolet_equinox-pic-3045982970676721233-152x114.jpeg,"['Sunroof/Moonroof', 'Driver Confidence Package', 'Power Package', 'Navigation System', 'Preferred Package', 'Technology Package', 'Premium Wheels', 'Heat Package', 'Parking Sensors', 'Heated Seats', 'LT Package', 'Bluetooth', 'Backup Camera', 'Remote Start', 'Cargo Package', 'Convenience Package']",Chevrolet,5 seats,26829,Equinox,1,"182 hp @ 6,700 RPM",17324,FALSE,1645,3.447761194,314501,Atlantic Chevrolet Cadillac,FALSE,"172 lb-ft @ 4,900 RPM",A,6-Speed Automatic Overdrive,t67424,LT FWD, ,FWD,Front-Wheel Drive,112.5 in,72.5 in,2017
1G1BE5SM1H7275105,36.1 in,Sedan,Bay Shore,41,11706,I4,1400,I4,Tungsten Metallic,FALSE,FALSE,TRUE,Chevrolet,42 in,13.7 gal,Gasoline,FALSE,57.4 in,40,153,Jet Black,FALSE, ,TRUE,FALSE,TRUE,40.7333,183.7 in,7/30/2020,GRAY,277998713,-73.2587,https://static.cargurus.com/images/forsale/2020/08/20/12/32/2017_chevrolet_cruze-pic-2705849102183957092-152x114.jpeg,"['Sport Package', 'Sunroof/Moonroof', 'Driver Confidence Package', 'Power Package', 'Navigation System', 'Preferred Package', 'Technology Package', 'Premium Wheels', 'Blind Spot Monitoring', 'Heat Package', 'Parking Sensors', 'Heated Seats', 'Android Auto', 'CarPlay', 'LT Package', 'Bluetooth', 'Backup Camera', 'Remote Start', 'Sound Package', 'Convenience Package']",Chevrolet,5 seats,29941,Cruze,1,"153 hp @ 5,600 RPM",14224,FALSE,1230,3.447761194,314501,Atlantic Chevrolet Cadillac,FALSE, ,A,6-Speed Automatic,t67587,LT Sedan FWD, ,FWD,Front-Wheel Drive,106.3 in,70.5 in,2017
KNDJP3AE3H7024713, ,Wagon,Bronx,46,10466, , , ,Shadow Black,FALSE,FALSE,TRUE,Jeep, , ,Electric,FALSE, , , ,Gray 2-Tone,FALSE, , ,FALSE, ,40.8847, ,7/25/2020,BLACK,277554749,-73.8317,https://d28oohqmlmgnr6.cloudfront.net/18/5b/42/ad-a3e8-4323-88ea-58e9b3eb6351/image-1.jpg,"['Navigation System', 'Alloy Wheels', 'Bluetooth', 'Backup Camera', 'Heated Seats']",Kia, ,26155,Soul EV,1, ,13000,FALSE,0,2.8,62178,Eastchester Chrysler Jeep Dodge Ram,FALSE, ,A,1-Speed Automatic,t72498,FWD, ,FWD,Front-Wheel Drive, , ,2017
WBAFU7C54CDU58004,36.1 in,Sedan,Woodbury,56,11797,I6,3000,I6,Jet Black,FALSE,FALSE,FALSE, ,41.4 in,18.5 gal,Gasoline,TRUE,57.6 in,30,300,Black,FALSE, , ,FALSE, ,40.8168,193.1 in,7/15/2020,BLACK,276620119,-73.4643,https://static.cargurus.com/images/forsale/2020/08/23/08/24/2012_bmw_5_series-pic-7009013724907866364-152x114.jpeg,"['Leather Seats', 'Driver Assistance Package', 'Sunroof/Moonroof', 'Navigation System', 'Alloy Wheels', 'Technology Package', 'Heat Package', 'Premium Package', 'Premium Sound Package', 'Cold Weather Package', 'Luxury Package', 'Bluetooth', 'Backup Camera', 'Comfort Package', 'Sound Package']",BMW,5 seats,101415,5 Series,3,"300 hp @ 5,800 RPM",10495,FALSE,3386,2.963636364,432605,Dream Car Gallery,FALSE,"300 lb-ft @ 1,400 RPM",A,Automatic,t43417,535i xDrive Sedan AWD, ,AWD,All-Wheel Drive,116.9 in,82.8 in,2012
2G1WA5EN1A1101619,37.6 in,Sedan,Linden,286,7036,V6,3500,V6,BLACK,TRUE,FALSE,FALSE, ,42.3 in,17 gal,Gasoline,TRUE,58.7 in,29,207,Black,TRUE, , ,FALSE, ,40.6446,200.4 in,11/28/2019,BLACK,259178893,-74.2532,https://static.cargurus.com/images/forsale/2020/07/23/23/56/2010_chevrolet_impala-pic-4568691253018451007-152x114.jpeg,"['Navigation System', 'Steel Wheels', 'Remote Start']",Chevrolet,6 seats,147995,Impala,5,"207 hp @ 5,800 RPM",4499,FALSE,95,4.666666667,381819,Auto Legend,FALSE,"215 lb-ft @ 4,000 RPM",A,Automatic,t35571,LS FWD, ,FWD,Front-Wheel Drive,110.5 in,72.9 in,2010
WAULFAFR1DA012193,31.7 in,Coupe,Woodbury,361,11797,I4,2000,I4,Ibis White,FALSE,FALSE,FALSE, ,41.3 in,16.1 gal,Gasoline,FALSE,54 in,30,211,Velvet Beige/Brown,FALSE, , ,FALSE, ,40.8168,182.1 in,9/14/2019,WHITE,252294325,-73.4643,https://static.cargurus.com/images/forsale/2020/07/27/08/22/2013_audi_a5-pic-5676582007052428320-152x114.jpeg,"['Leather Seats', 'Sunroof/Moonroof', 'Navigation System', 'Alloy Wheels', 'Bluetooth', 'Backup Camera']",Audi,4 seats,74796,A5,2,"211 hp @ 4,300 RPM",13295,FALSE,2518,2.963636364,432605,Dream Car Gallery,FALSE,"258 lb-ft @ 1,500 RPM",A,Automatic,t43788,2.0T quattro Premium Plus Coupe AWD, ,AWD,All-Wheel Drive,108.3 in,79.5 in,2013
SALVP2BGXHH181671,36.4 in,SUV / Crossover,Woodbury,25,11797,I4,2000,I4,Fuji White,FALSE,FALSE,FALSE, ,40.1 in,18.1 gal,Gasoline,FALSE,64.4 in,29,240,Ebony/Ebony,FALSE, , ,FALSE, ,40.8168,172.1 in,8/15/2020,WHITE,279405549,-73.4643,https://static.cargurus.com/images/forsale/2020/08/16/09/22/2017_land_rover_range_rover_evoque-pic-4313105235888178591-152x114.jpeg,"['Leather Seats', 'Sunroof/Moonroof', 'Navigation System', 'Bluetooth', 'Backup Camera', 'Remote Start', 'Parking Sensors']",Land Rover,5 seats,75095,Range Rover Evoque,1,"240 hp @ 5,800 RPM",23995,FALSE,1649,2.963636364,432605,Dream Car Gallery,FALSE,"250 lb-ft @ 1,750 RPM",A,Automatic,t69403,SE Premium, ,AWD,All-Wheel Drive,104.8 in,82.3 in,2017
WAUBFAFL1GN009069,35.2 in,Sedan,Bronx,34,10466,I4,2000,I4,Black,FALSE,FALSE,TRUE,Jeep,41.3 in,16.1 gal,Gasoline,FALSE,56.2 in,30,220,Black,FALSE, , ,FALSE, ,40.8847,185.1 in,8/6/2020,BLACK,278582858,-73.8317,https://static.cargurus.com/images/forsale/2020/08/29/04/34/2016_audi_a4-pic-3290675654102648455-152x114.jpeg,"['Leather Seats', 'Sunroof/Moonroof', 'Navigation System', 'Alloy Wheels', 'Bluetooth', 'Backup Camera', 'Heated Seats']",Audi,5 seats,44491,A4,2,"220 hp @ 4,450 RPM",18900,FALSE,1358,2.8,62178,Eastchester Chrysler Jeep Dodge Ram,FALSE,"258 lb-ft @ 1,500 RPM",A,8-Speed Automatic,t58016,2.0T quattro Premium Sedan AWD, ,AWD,All-Wheel Drive,110.6 in,80.3 in,2016
ZN661XUA1HX226942,--,SUV / Crossover,Woodbury,177,11797,V6,3000,V6,black,FALSE,FALSE,FALSE, ,--,21.1 gal,Gasoline,TRUE,66.1 in,20,345,Black,FALSE, , ,FALSE, ,40.8168,197 in,3/16/2020,BLACK,268753703,-73.4643,https://static.cargurus.com/images/forsale/2020/08/11/18/57/2017_maserati_levante-pic-1402238464148004748-152x114.jpeg,"['Leather Seats', 'Navigation System', 'Alloy Wheels', 'Bluetooth', 'Backup Camera', 'Heated Seats']",Maserati,5 seats,61226,Levante,1,"345 hp @ 5,750 RPM",34895,FALSE,5384,2.963636364,432605,Dream Car Gallery,FALSE,"369 lb-ft @ 4,500 RPM",A,Automatic,t68576,3.0L, ,AWD,All-Wheel Drive,118.3 in,85 in,2017
55SWF4KB4HU210630,35.2 in,Sedan,Woodbury,25,11797,I4,2000,I4,Polar White,FALSE,FALSE,FALSE, ,41.7 in,17.4 gal,Gasoline,FALSE,56.8 in,31,241,Brown (Silk Beige/Black),FALSE, , ,FALSE, ,40.8168,184.5 in,8/15/2020,WHITE,279405546,-73.4643, ,"['Alloy Wheels', 'Bluetooth', 'Backup Camera']",Mercedes-Benz,5 seats,53458,C-Class,1,"241 hp @ 5,550 RPM",21995,FALSE,1278,2.963636364,432605,Dream Car Gallery,FALSE,"273 lb-ft @ 1,300 RPM",A,Automatic,t67385,C 300 4MATIC, ,AWD,All-Wheel Drive,111.8 in,79.5 in,2017
4T1BE46K67U121284,38.3 in,Sedan,Linden,76,7036,I4,2400,I4,blue,FALSE,FALSE,FALSE, ,41.7 in,18.5 gal,Gasoline,FALSE,57.9 in,30,158,Gray,FALSE, , ,FALSE, ,40.6446,189.2 in,6/25/2020,BLUE,274930662,-74.2532, , ,Toyota,5 seats,63383,Camry,2,"158 hp @ 6,000 RPM",8999,FALSE,1089,4.666666667,381819,Auto Legend,FALSE,"161 lb-ft @ 4,000 RPM",A,Automatic,t10207,CE, ,FWD,Front-Wheel Drive,109.3 in,71.7 in,2007
2GKFLSEK7H6340471,39.9 in,SUV / Crossover,Bay Shore,1,11706,I4,2400,I4,Graphite Gray Metallic,FALSE,FALSE,TRUE,Chevrolet,41.2 in,18.8 gal,Gasoline,FALSE,66.3 in,28,182,Jet Black,FALSE, , ,FALSE, ,40.7333,185.5 in,9/8/2020,GRAY,281581438,-73.2587,https://cdn.inventoryrsc.com/104673090_5f57fefe4f23e5041359632c.jpg?cargurus_image_modified_date=275F3DC46174C02BBC335AA0CAA26664,"['Navigation System', 'Alloy Wheels', 'Bluetooth', 'Backup Camera']",GMC,5 seats,47502,Terrain,1,"182 hp @ 6,700 RPM",16972,FALSE,408,3.447761194,314501,Atlantic Chevrolet Cadillac,FALSE,"172 lb-ft @ 4,900 RPM",A,6-Speed Automatic,t67434,SLE1 AWD, ,AWD,All-Wheel Drive,112.5 in,72.8 in,2017
3C4NJDBB0LT203731,38.3 in,SUV / Crossover,East Hartford,196,6108,I4,2400,I4,Diamond Black Crystal Pearlcoat, , ,TRUE,Jeep,41.8 in,13.5 gal,Gasoline, ,64.8 in,30,180,Black, , , ,TRUE, ,41.7696,173 in,2/26/2020,BLACK,266943739,-72.6545,https://static.cargurus.com/images/forsale/2020/04/16/18/24/2020_jeep_compass-pic-1320011943469621584-152x114.jpeg,"['Alloy Wheels', 'Bluetooth', 'Backup Camera', 'Heated Seats', 'Quick Order Package']",Jeep,5 seats,22,Compass, ,"180 hp @ 6,400 RPM",21681, ,0,4.377777778,60510,Gengras Chrysler Dodge Jeep Ram, ,"175 lb-ft @ 3,900 RPM",A,Automatic,t87047,Latitude 4WD, ,4WD,Four-Wheel Drive,103.8 in,80 in,2020
WDDJK7DA9DF001506,--,Convertible,Bohemia,158,11716,V8,4600,V8,Black,FALSE,FALSE,TRUE,Kia,42.9 in,19.8 gal,Gasoline,FALSE,51.8 in,25,429,Brown/Beige,FALSE, , ,FALSE, ,40.7589,181.8 in,4/4/2020,BLACK,270161967,-73.1055,https://static.cargurus.com/images/forsale/2020/06/15/19/17/2013_mercedes-benz_sl-class-pic-936899164642238009-152x114.jpeg,"['Leather Seats', 'Sunroof/Moonroof', 'Navigation System', 'Alloy Wheels', 'Bluetooth', 'Premium Wheels', 'Backup Camera', 'Premium Package', 'Heated Seats']",Mercedes-Benz,2 seats,31231,SL-Class,3,"429 hp @ 5,250 RPM",37937,FALSE,3264,3.647058824,339626,Generation Kia,FALSE,"516 lb-ft @ 3,500 RPM",A,7-Speed Automatic,t43703,SL 550, ,RWD,Rear-Wheel Drive,101.8 in,82.6 in,2013
JM3KE2BE9D0108029,39.3 in,SUV / Crossover,East Hartford,54,6108,I4,2000,I4,Metropolitan Gray Mica,FALSE,FALSE,TRUE,Jeep,41 in,14.8 gal,Gasoline,FALSE,65.7 in,35,155,Black,FALSE, , ,FALSE, ,41.7696,178.7 in,7/17/2020,GRAY,276779059,-72.6545,https://static.cargurus.com/images/forsale/2020/08/27/01/10/2013_mazda_cx-5-pic-6083322766735883523-152x114.jpeg,"['Alloy Wheels', 'Bluetooth']",Mazda,5 seats,106911,CX-5,1,"155 hp @ 6,000 RPM",7703,FALSE,1307,4.377777778,60510,Gengras Chrysler Dodge Jeep Ram,FALSE,"150 lb-ft @ 4,000 RPM",M,Manual,t43847,Sport, ,FWD,Front-Wheel Drive,106.3 in,72.4 in,2013
1G1PA5SG3E7112351,35.3 in,Sedan,Little Ferry,22,7643,I4,1800,I4,Blue,FALSE,FALSE,FALSE, ,42.2 in,15.6 gal,Gasoline,TRUE,58.1 in, ,138,Black,FALSE, , ,FALSE, ,40.8558,181 in,8/18/2020,BLUE,279567837,-74.0493,https://static.cargurus.com/images/forsale/2020/08/17/20/18/2014_chevrolet_cruze-pic-8479576669415350861-152x114.jpeg,"['Navigation System', 'Steel Wheels', 'Bluetooth']",Chevrolet,5 seats,101941,Cruze,1,"138 hp @ 6,300 RPM",5499,FALSE,1531,3.577777778,351457,Magic Auto Sales,FALSE,"125 lb-ft @ 3,800 RPM",A,6-Speed Automatic,t50941,LS Sedan FWD, ,FWD,Front-Wheel Drive,105.7 in,70.7 in,2014
5NPE34AF1GH292147,35.6 in,Sedan,Bay Shore,8,11706,I4,2400,I4,Quartz White Pearl,FALSE,FALSE,TRUE,Chevrolet,45.5 in,18.5 gal,Gasoline,TRUE,58.1 in,36,185,Gray,FALSE, , ,FALSE, ,40.7333,191.1 in,9/1/2020,WHITE,280958988,-73.2587,https://static.cargurus.com/images/forsale/2020/09/02/03/19/2016_hyundai_sonata-pic-7270332440930065275-152x114.jpeg,"['Leather Seats', 'Sunroof/Moonroof', 'Navigation System', 'Alloy Wheels', 'Bluetooth', 'Backup Camera', 'Blind Spot Monitoring', 'Parking Sensors', 'Heated Seats', 'Ultimate Package']",Hyundai,5 seats,65046,Sonata,2,"185 hp @ 6,000 RPM",14949,FALSE,292,3.447761194,314501,Atlantic Chevrolet Cadillac,FALSE,"178 lb-ft @ 4,000 RPM",A,6-Speed Automatic,t60218,Limited FWD, ,FWD,Front-Wheel Drive,110.4 in,73.4 in,2016
2G1WG5E36D1132642,37.6 in,Sedan,Little Ferry,21,7643,V6 Flex Fuel Vehicle,3600,V6 Flex Fuel Vehicle,Black,TRUE,FALSE,FALSE, ,42.3 in,17.5 gal,Flex Fuel Vehicle,TRUE,59 in, ,300,Black,TRUE, , ,FALSE, ,40.8558,200.4 in,8/19/2020,BLACK,279671007,-74.0493,https://static.cargurus.com/images/forsale/2020/08/20/06/19/2013_chevrolet_impala-pic-7085099472106298961-152x114.jpeg,"['Alloy Wheels', 'Remote Start']",Chevrolet,6 seats,114349,Impala,2,"300 hp @ 6,800 RPM",5250,FALSE,1605,3.577777778,351457,Magic Auto Sales,FALSE,"262 lb-ft @ 5,300 RPM",A,6-Speed Automatic,t44534,LT Fleet FWD, ,FWD,Front-Wheel Drive,110.5 in,72.9 in,2013
2G61M5S39K9157048,40 in,Sedan,Bay Shore,8,11706,V6,3600,V6,Radiant Silver Metallic,TRUE,FALSE,TRUE,Cadillac,42.1 in,19 gal,Gasoline,FALSE,59.4 in,28,304,Jet Black,TRUE, ,TRUE,FALSE,TRUE,40.7333,200.9 in,9/1/2020,SILVER,280958989,-73.2587,https://static.cargurus.com/images/forsale/2020/09/01/10/44/2019_cadillac_xts-pic-3954539354449495254-152x114.jpeg,"['Leather Seats', 'Navigation System', 'Alloy Wheels', 'Bluetooth', 'Backup Camera', 'Remote Start', 'Heated Seats', 'Android Auto', 'CarPlay', 'Luxury Package']",Cadillac,5 seats,42861,XTS,1,"304 hp @ 6,800 RPM",26959,FALSE,391,3.447761194,314501,Atlantic Chevrolet Cadillac,FALSE,"264 lb-ft @ 5,300 RPM",A,6-Speed Automatic,t78743,Luxury FWD, ,FWD,Front-Wheel Drive,111.7 in,72.9 in,2019
JTDKARFU4G3521297,33.4 in,Hatchback,Bohemia,39,11716,I4 Hybrid,1800,I4 Hybrid,Gray,FALSE,FALSE,TRUE,Kia,42.3 in,11.3 gal,Hybrid,TRUE,58.1 in,50,121,Black,FALSE, , ,FALSE, ,40.7589,178.7 in,8/1/2020,GRAY,278197536,-73.1055,https://static.cargurus.com/images/forsale/2020/09/02/23/00/2016_toyota_prius-pic-7540109741516716746-152x114.jpeg,"['Navigation System', 'Alloy Wheels', 'Bluetooth', 'Backup Camera', 'Blind Spot Monitoring', 'Heated Seats']",Toyota,5 seats,43762,Prius,1, ,17926,FALSE,239,3.647058824,339626,Generation Kia,FALSE, ,CVT,Continuously Variable Transmission,t60814,Four, ,FWD,Front-Wheel Drive,106.3 in,69.3 in,2016
5FNYF4H64DB034385,38.5 in,SUV / Crossover,Little Ferry,3,7643,V6,3500,V6,Black,FALSE,FALSE,FALSE, ,41.4 in,21 gal,Gasoline,FALSE,72.7 in,24,250,Gray,FALSE, , ,FALSE, ,40.8558,191.4 in,9/6/2020,BLACK,281491725,-74.0493,https://static.cargurus.com/images/forsale/2020/09/05/21/02/2013_honda_pilot-pic-4153405420017879895-152x114.jpeg,"['Sunroof/Moonroof', 'Bluetooth']",Honda,8 seats,161349,Pilot,2,"250 hp @ 5,700 RPM",9750,FALSE,1361,3.577777778,351457,Magic Auto Sales,FALSE,"253 lb-ft @ 4,800 RPM",A,5-Speed Automatic,t46994,EX-L with DVD 4WD, ,4WD,Four-Wheel Drive,109.2 in,78.5 in,2013
1GNSKHKC3KR197504,39.7 in,SUV / Crossover,Bay Shore,18,11706,V8,5300,V8,Silver Ice Metallic,TRUE,FALSE,TRUE,Chevrolet,45.3 in,31 gal,Gasoline,FALSE,74.4 in, ,355,Jet Black/Dark Ash,TRUE, ,TRUE,FALSE,TRUE,40.7333,224.4 in,8/22/2020,SILVER,280045714,-73.2587, ,"['Leather Seats', 'Sunroof/Moonroof', 'Suspension Package', 'Alloy Wheels', 'Third Row Seating', 'Blind Spot Monitoring', 'Parking Sensors', 'Premium Smooth Ride Suspension Package', 'Heated Seats', 'Android Auto', 'CarPlay', 'Bluetooth', 'Backup Camera', 'Remote Start']",Chevrolet,8 seats,41420,Suburban,1,"355 hp @ 5,600 RPM",41823,FALSE,692,3.447761194,314501,Atlantic Chevrolet Cadillac,FALSE,"383 lb-ft @ 4,100 RPM",A,6-Speed Automatic Overdrive,t80464,1500 LT 4WD, ,4WD,Four-Wheel Drive,130 in,80.5 in,2019
KNDPNCAC4L7830910,38.2 in,SUV / Crossover,Bohemia,117,11716,I4,2400,I4,Snow White Pearl, , ,TRUE,Kia,41.5 in,16.4 gal,Gasoline, ,65.2 in, ,181,Black, , , ,TRUE, ,40.7589,176.4 in,5/15/2020,WHITE,272031477,-73.1055,https://static.cargurus.com/images/forsale/2020/06/17/00/51/2020_kia_sportage-pic-6511409267662268803-152x114.jpeg,"['Alloy Wheels', 'Backup Camera', 'Heated Seats', 'Android Auto', 'CarPlay']",Kia,5 seats,9,Sportage, ,"181 hp @ 6,000 RPM",28440, ,0,3.647058824,339626,Generation Kia, ,"175 lb-ft @ 4,000 RPM",A,6-Speed Automatic Overdrive,t85082,EX AWD, ,AWD,All-Wheel Drive,105.1 in,73 in,2020
KNDPMCACXK7560468,38.2 in,SUV / Crossover,Bohemia,677,11716,I4,2400,I4,Black Cherry, , ,TRUE,Kia,41.5 in,16.4 gal,Gasoline, ,65.2 in, ,181,Black, , , ,TRUE, ,40.7589,176.4 in,11/2/2018,BLACK,223144728,-73.1055,https://static.cargurus.com/images/forsale/2020/06/17/00/51/2019_kia_sportage-pic-344589947032132396-152x114.jpeg,"['Alloy Wheels', 'Backup Camera']",Kia,5 seats,1160,Sportage, ,"181 hp @ 6,000 RPM",21595, ,0,3.647058824,339626,Generation Kia, ,"175 lb-ft @ 4,000 RPM",A,6-Speed Automatic Overdrive,t82266,LX AWD, ,AWD,All-Wheel Drive,105.1 in,73 in,2019
JTHCK262192028014,30.6 in,Sedan,Little Ferry,13,7643,V6,2500,V6,Black,FALSE,FALSE,FALSE, ,43.9 in,17.1 gal,Gasoline,TRUE,56.7 in,26,204,Brown (Beige),FALSE, , ,FALSE, ,40.8558,180.3 in,8/27/2020,BLACK,280444121,-74.0493,https://static.cargurus.com/images/forsale/2020/08/26/20/18/2009_lexus_is_250-pic-5164149829314337581-152x114.jpeg,['Sunroof/Moonroof'],Lexus,5 seats,157974,IS 250,4,"204 hp @ 6,400 RPM",5750,FALSE,1274,3.577777778,351457,Magic Auto Sales,FALSE,"185 lb-ft @ 4,800 RPM",A,6-Speed Automatic,t35189,AWD, ,AWD,All-Wheel Drive,107.5 in,70.9 in,2009
2T3BF4DV7BW083235,38.3 in,SUV / Crossover,Little Ferry,5,7643,I4,2500,I4,Black,FALSE,FALSE,FALSE, ,41.8 in,15.9 gal,Gasoline,FALSE,66.3 in,27,179,Gray,FALSE, , ,FALSE, ,40.8558,181.9 in,9/4/2020,BLACK,281270979,-74.0493,https://static.cargurus.com/images/forsale/2020/09/03/21/10/2011_toyota_rav4-pic-5742709584339251027-152x114.jpeg, ,Toyota,7 seats,176012,RAV4,2,"179 hp @ 6,000 RPM",6499,FALSE,1162,3.577777778,351457,Magic Auto Sales,FALSE,"172 lb-ft @ 4,000 RPM",A,4-Speed Automatic,t38562,Base 4WD, ,4WD,Four-Wheel Drive,104.7 in,71.5 in,2011
1GNSKBKC4FR264971,39 in,SUV / Crossover,Bay Shore,7,11706,V8 Flex Fuel Vehicle,5300,V8 Flex Fuel Vehicle,Summit White,FALSE,FALSE,TRUE,Chevrolet,45.3 in,26 gal,Flex Fuel Vehicle,FALSE,74.4 in,22,355,Cocoa/Dune,FALSE, , ,FALSE, ,40.7333,204 in,9/2/2020,WHITE,281088377,-73.2587,https://cdn.inventoryrsc.com/104199047_5f58464c36526670b40155fa.jpg?cargurus_image_modified_date=27DA16B5954175FC782FF9C0300C4A1C,"['Leather Seats', 'Navigation System', 'Suspension Package', 'Alloy Wheels', 'Third Row Seating', 'Bluetooth', 'Backup Camera', 'Remote Start', 'Parking Sensors', 'Premium Smooth Ride Suspension Package', 'Heated Seats']",Chevrolet,8 seats,79921,Tahoe,1,"355 hp @ 5,600 RPM",30952,FALSE,825,3.447761194,314501,Atlantic Chevrolet Cadillac,FALSE,"383 lb-ft @ 4,100 RPM",A,6-Speed Automatic Overdrive,t53794,LT 4WD, ,4WD,Four-Wheel Drive,116 in,80.5 in,2015
WDBNG70J1YA076348,40.3 in,Sedan,Little Ferry,11,7643,V8,4300,V8,Black,FALSE,FALSE,FALSE, ,41.3 in,23 gal,Gasoline,FALSE,56.9 in,22,275,Gray,FALSE, , ,FALSE, ,40.8558,203.1 in,8/29/2020,BLACK,280750627,-74.0493,https://static.cargurus.com/images/forsale/2020/08/29/08/30/2000_mercedes-benz_s-class-pic-5484433873795217961-152x114.jpeg,"['Sunroof/Moonroof', 'Navigation System']",Mercedes-Benz,5 seats,94949,S-Class,1,"275 hp @ 5,750 RPM",4499,FALSE,0,3.577777778,351457,Magic Auto Sales,FALSE,"295 lb-ft @ 3,000 RPM",A,5-Speed Automatic,t19863,S 430, ,RWD,Rear-Wheel Drive,121.5 in,73.1 in,2000
5FNRL38677B025904,40 in,Minivan,Little Ferry,28,7643,V6,3500,V6,Blue,FALSE,FALSE,FALSE, ,40.8 in,21 gal,Gasoline,TRUE,70 in,24,244,Gray,FALSE, , ,FALSE, ,40.8558,201 in,8/12/2020,BLUE,279042001,-74.0493,https://static.cargurus.com/images/forsale/2020/08/11/20/19/2007_honda_odyssey-pic-7336562043581999451-152x114.jpeg,"['Sunroof/Moonroof', 'Third Row Seating']",Honda,8 seats,180132,Odyssey,1,"244 hp @ 5,750 RPM",3999,FALSE,597,3.577777778,351457,Magic Auto Sales,FALSE,"240 lb-ft @ 4,500 RPM",A,5-Speed Automatic,t27132,EX-L FWD, ,FWD,Front-Wheel Drive,118.1 in,77.1 in,2007
JTDKB20U653102507,38.6 in,Hatchback,Little Ferry,3,7643,I4 Hybrid,1500,I4 Hybrid,Beige,FALSE,FALSE,FALSE, ,41.9 in,11 gal,Hybrid,TRUE,58.1 in,45,110,Brown (Beige),FALSE, , ,FALSE, ,40.8558,175 in,9/6/2020,BROWN,281491727,-74.0493,https://static.cargurus.com/images/forsale/2020/09/05/21/02/2005_toyota_prius-pic-9016095768416758128-152x114.jpeg, ,Toyota,5 seats,198586,Prius,4,"110 hp @ 5,000 RPM",2999,FALSE,444,3.577777778,351457,Magic Auto Sales,FALSE, ,CVT,Continuously Variable Transmission,t17625,FWD, ,FWD,Front-Wheel Drive,106.3 in,67.9 in,2005
KNDETCA22M7116604,38 in,SUV / Crossover,Bohemia,19,11716,I4,1600,I4,Clear White/Black Roof, , ,TRUE,Kia,41.4 in,13.2 gal,Gasoline, ,64.2 in, ,175,Black, , , ,TRUE, ,40.7589,172 in,8/21/2020,WHITE,279944612,-73.1055, ,"['Navigation System', 'Alloy Wheels', 'Backup Camera', 'Heated Seats', 'Android Auto', 'CarPlay']",Kia,5 seats,37,Seltos, ,175 hp @ 600 RPM,29485, ,0,3.647058824,339626,Generation Kia, ,"195 lb-ft @ 1,500 RPM",A,7-Speed Automatic,t91094,SX Turbo AWD, ,AWD,All-Wheel Drive,103.5 in,70.9 in,2021
1GYFK66847R337145,39.5 in,SUV / Crossover,Little Ferry,22,7643,V8,6200,V8,White,FALSE,FALSE,FALSE, ,41.3 in,31 gal,Gasoline,TRUE,75.5 in,18,403,Black,FALSE, , ,FALSE, ,40.8558,222.9 in,8/18/2020,WHITE,279567838,-74.0493,https://static.cargurus.com/images/forsale/2020/08/17/20/18/2007_cadillac_escalade_esv-pic-4403991961757635395-152x114.jpeg,"['Leather Seats', 'Navigation System', 'Alloy Wheels', 'Remote Start', 'Parking Sensors', 'Heated Seats']",Cadillac,8 seats,213550,Escalade ESV,2,"403 hp @ 5,700 RPM",6999,FALSE,1864,3.577777778,351457,Magic Auto Sales,FALSE,"417 lb-ft @ 4,300 RPM",A,6-Speed Automatic,t26018,4WD, ,AWD,All-Wheel Drive,130 in,79.1 in,2007
